ticker,tipo_activo,dollar_volume_promedio
MU,equity,35252086956.9433
NVDA,equity,30552934615.305984
TSLA,equity,19269549625.365826
SNDK,equity,19018178019.731888
SPCX,equity,16124966236.532177
MSFT,equity,14685712537.339533
AAPL,equity,14469399970.379135
AMD,equity,12754737694.986767
AMZN,equity,11359519143.547825
INTC,equity,11203218973.804432
META,equity,10332999235.076544
GOOGL,equity,10243131372.947374
AVGO,equity,9387878458.228226
MRVL,equity,7147972251.156747
GOOG,equity,6924704811.466102
PLTR,equity,6207437305.276906
SKHY,equity,5305742778.417012
TSM,equity,5297600108.476909
LITE,equity,4720955567.497006
ORCL,equity,4682443578.644312
AMAT,equity,3969857647.4118285
WDC,equity,3808995413.5978165
NBIS,equity,3738587416.0686803
NFLX,equity,3317310240.3305273
STX,equity,3279563679.087784
LLY,equity,3163137538.335578
QCOM,equity,3143079171.2829556
LRCX,equity,3138816314.4950213
BE,equity,2848423000.2557178
ASML,equity,2837961145.2327766
CRWV,equity,2761704886.2830906
JPM,equity,2759755103.577807
XOM,equity,2706654464.855761
DELL,equity,2701282575.1566324
CRM,equity,2691352625.298789
MSTR,equity,2608404089.570316
WMT,equity,2606746824.035687
GEV,equity,2605694237.751402
NOW,equity,2588873763.1413445
V,equity,2534266965.841997
UNH,equity,2457732642.404043
CAT,equity,2445231462.2973633
CSCO,equity,2401723564.9248915
HOOD,equity,2366106705.2170444
APP,equity,2330111822.975382
GLW,equity,2246635046.825973
ARM,equity,2214270761.598602
KLAC,equity,2208999435.038096
RKLB,equity,2130290902.486522
COHR,equity,2086619434.9809537
TXN,equity,2078719088.8708467
IBM,equity,2061626734.6121635
IREN,equity,2028461702.3147566
GS,equity,2017353543.434611
COST,equity,2009416975.690418
PANW,equity,1945219125.7627242
VRT,equity,1941368078.0391922
BAC,equity,1927406109.8309085
CVX,equity,1911107364.1308067
JNJ,equity,1868430264.9234858
CRWD,equity,1855503922.507165
MA,equity,1779022208.8885279
CBRS,equity,1674550202.574611
COIN,equity,1672029134.4820464
AAOI,equity,1653789910.9451234
GE,equity,1613922625.114718
ADI,equity,1567993975.2036138
C,equity,1539128791.1659338
SMCI,equity,1531243427.5315654
SNOW,equity,1479519765.4398987
ABBV,equity,1473155777.5637639
INTU,equity,1467855765.5922904
BABA,equity,1454926508.9064853
ASTS,equity,1454421238.5599737
CRDO,equity,1451383806.1057453
HD,equity,1424203339.526684
ALAB,equity,1413954542.337786
ADBE,equity,1405455194.6596727
CRCL,equity,1400525908.7143683
BA,equity,1395142198.6177251
TER,equity,1369651104.2968793
PG,equity,1339104519.076057
UBER,equity,1334527725.6286497
ANET,equity,1332540282.9823143
KO,equity,1305585942.7101028
WFC,equity,1294084514.2806582
BKNG,equity,1263609893.468534
MRK,equity,1244652162.372259
APH,equity,1222805877.3844676
AAL,equity,1221775880.3840938
T,equity,1201389768.9298983
ACN,equity,1198254337.4322786
SOFI,equity,1186175634.70768
CIEN,equity,1185562035.5380225
IONQ,equity,1181489749.6038215
VZ,equity,1172481032.7942445
ABT,equity,1158599857.7827532
SHOP,equity,1143844619.171545
MCD,equity,1140793070.4200819
MS,equity,1131288693.1599388
LIN,equity,1113754243.843485
NOK,equity,1101897782.2185717
MRNA,equity,1099040910.1460357
TMO,equity,1086296080.1391757
PEP,equity,1075547402.549792
MPWR,equity,1053587774.4635106
ISRG,equity,1051805691.20871
DDOG,equity,1039285173.6202954
NKE,equity,1023045903.8885779
PFE,equity,1015742868.5456576
BSX,equity,1004937520.9136047
TMUS,equity,998390254.4803816
ON,equity,991531886.9258709
AXP,equity,990079291.1423582
DIS,equity,988763528.9936472
RTX,equity,987831961.1088395
FCX,equity,976106978.2509558
NXPI,equity,970505848.3948824
ETN,equity,969668957.2003087
COP,equity,956186591.4634907
SPOT,equity,951941757.3292081
AMGN,equity,945592933.1681814
SCHW,equity,940673535.0935969
NET,equity,940511821.6660955
NEE,equity,932876408.3570356
HON,equity,928501139.6510592
NEM,equity,921099699.7612472
HPE,equity,909563907.9713721
GILD,equity,893495421.3216306
CEG,equity,883132393.5747967
NU,equity,881172076.4025265
MCHP,equity,880929642.3760176
AZO,equity,875410369.1832527
SPGI,equity,871406153.0788022
PM,equity,864057721.4895726
DHR,equity,863690080.4345931
COF,equity,860177971.8134596
RDDT,equity,859916508.2646775
TJX,equity,855829894.1668915
MELI,equity,852656614.1870166
VLO,equity,841034600.6929035
CMCSA,equity,834817776.1965597
MCK,equity,828030631.831323
SNPS,equity,819807611.0900334
AXTI,equity,813955715.2115784
SYK,equity,793061351.2624514
DASH,equity,791794698.6513479
CDNS,equity,791343084.005927
CLS,equity,786920824.1671826
BLK,equity,786189184.982135
CVNA,equity,782068852.4120636
ECHO,equity,781891470.4838296
PWR,equity,777001769.160225
UNP,equity,774549995.1700928
BMNR,equity,773953240.4698486
FIX,equity,769266759.2995296
SLB,equity,760147410.2635548
PYPL,equity,757228421.3673084
SBUX,equity,752790563.9827985
MDT,equity,744919646.1918321
DE,equity,744464709.9810892
LMT,equity,734904366.8984922
CME,equity,734605272.4113464
FTNT,equity,732207761.2417114
F,equity,728311714.4709316
ONDS,equity,723848488.6662561
CVS,equity,717355163.3298167
BX,equity,715607435.0148554
PDD,equity,714334697.955602
WDAY,equity,710813444.9612516
OXY,equity,706272228.5144827
RCL,equity,704206803.9324665
WELL,equity,691744548.7797614
APLD,equity,687805659.9062983
VST,equity,683302261.9964613
BMY,equity,675290307.7276617
HWM,equity,670891815.7194892
SHW,equity,664831775.8160793
PH,equity,664777637.306832
HONA,equity,663359291.0764865
CCL,equity,658881589.3841708
VRTX,equity,657504373.7817343
MPC,equity,657083424.9033015
FLEX,equity,653193889.4195865
HIMS,equity,652635104.7361655
OKLO,equity,651892895.4233494
ADP,equity,650657495.1890317
DAL,equity,647700695.7376658
TGT,equity,646168570.6587139
LOW,equity,639713159.9133301
DVN,equity,636982554.8590844
LNG,equity,634385120.7876168
PATH,equity,632928518.1219991
WULF,equity,629297459.1303834
ROST,equity,625971698.8279414
STM,equity,624618551.5032209
SHEL,equity,624455616.4731123
UAL,equity,623961651.9008998
FDX,equity,615737776.2205716
MO,equity,610518499.2787342
HLT,equity,610459183.4988974
PGR,equity,608997478.2910612
EQIX,equity,603735442.7989967
RGTI,equity,602474689.0803975
NVO,equity,602045507.091193
MDB,equity,596699758.8666081
CMI,equity,596319879.7283219
CMG,equity,594994895.2873633
ABNB,equity,592164303.5667994
ORLY,equity,587720155.1952801
REGN,equity,586044982.0723722
WBD,equity,585343002.1420431
TT,equity,585152668.0741657
HCA,equity,583037422.6126033
QBTS,equity,573795868.6227015
MMM,equity,571723957.4563653
CB,equity,571533983.8344407
ICE,equity,571185594.6847421
CDE,equity,570715617.6618708
ELV,equity,570449028.7063531
GM,equity,568335925.4418013
UPS,equity,565457454.7563148
TEAM,equity,565179848.9966613
CSX,equity,564654331.4973519
AKAM,equity,559993154.6832608
SAP,equity,549762885.1161996
TRV,equity,548966609.9979122
MAR,equity,543406991.8807136
PLD,equity,540066178.5947317
RBLX,equity,537223254.625041
AEP,equity,534769853.3792154
PSX,equity,532585743.6130807
AMT,equity,531663494.4670807
CIFR,equity,530991562.85810965
BKR,equity,524890582.6464824
JCI,equity,524460286.2662741
EOG,equity,522422288.37814176
MDLZ,equity,521368307.37713224
MARA,equity,520593153.1499713
ADSK,equity,520472684.5550083
ZTS,equity,517598500.2041971
TTWO,equity,514635763.9183294
FSLR,equity,514540032.31011236
APO,equity,514380389.7485198
SO,equity,510755102.7622068
TEL,equity,509448702.3851213
ZS,equity,508917909.34089464
TSEM,equity,508807019.36036026
FN,equity,503438893.5540423
CRH,equity,502386548.7524002
AEM,equity,502096408.05500174
URI,equity,501811733.27278745
BNY,equity,500769859.6569141
FANG,equity,499172943.55782765
EBAY,equity,496961574.7239213
USB,equity,496361632.8769024
WMB,equity,492313876.1485476
AXON,equity,492307751.3539957
TDG,equity,488695696.1242676
NOC,equity,488334787.29948014
BP,equity,487409068.8838582
KKR,equity,485975994.81389534
B,equity,482182982.81763214
RIVN,equity,478799195.7748339
DUK,equity,477847725.86177945
HAL,equity,477310328.01262593
COR,equity,476811343.545042
MRSH,equity,472409643.6396121
KEYS,equity,471791947.71125865
MNST,equity,471747547.9636302
WM,equity,469273578.8923576
CHTR,equity,467943875.761043
AON,equity,464225381.08617485
DLR,equity,464075659.41412157
CI,equity,464027438.005342
VEEV,equity,463398090.542961
CL,equity,462583966.475679
PNC,equity,462204480.80187845
CAR,equity,459132648.4611611
MCO,equity,458294415.6114231
DOCN,equity,454929543.107706
HUM,equity,453345855.86866206
MSI,equity,451850630.750473
CAH,equity,448994996.8581697
CTSH,equity,445978910.22732055
LHX,equity,445123298.4575423
FERG,equity,444812731.6178584
MTSI,equity,444560156.28783065
ROKU,equity,444450899.8312515
AZN,equity,442821665.34697276
KMB,equity,441846884.8862375
STRL,equity,441025827.2622366
TWLO,equity,438845614.9637179
HL,equity,438531451.50306624
GD,equity,435088474.0191803
LULU,equity,433034919.6479788
NVTS,equity,431360013.159881
CF,equity,429872300.5426226
CNQ,equity,425937802.9875815
KR,equity,424790357.17115283
EXPE,equity,424453458.2829549
FIG,equity,423117150.94042856
LYV,equity,421137178.9950084
EQT,equity,420028943.0302815
RVMD,equity,418470330.29558116
TFC,equity,416800338.7957674
HPQ,equity,416053538.665966
PCG,equity,415831912.1256452
SE,equity,415810010.6084551
HUT,equity,415693064.5051581
ECL,equity,415145981.67598754
DOW,equity,414226558.27920216
CASY,equity,413950743.6100963
CARR,equity,411418628.938486
CTAS,equity,410704824.9437574
OKTA,equity,409365100.91693866
NTAP,equity,407735320.4487955
SMTC,equity,405888665.5738517
TTD,equity,405380321.1437642
XEL,equity,405103196.13427675
XYZ,equity,404657980.17748237
MTZ,equity,404548356.29356056
LYB,equity,402690880.56513846
ODFL,equity,400735417.814625
EMR,equity,400721711.9269043
ENTG,equity,400316337.48754716
JBL,equity,399118280.69066775
ALNY,equity,398791175.5089209
EW,equity,397540629.5981409
PBR,equity,397148779.6452318
AJG,equity,396116404.951261
MKSI,equity,394572579.99551487
IBKR,equity,394222520.2949389
FICO,equity,392314200.3802975
HBAN,equity,391338234.28453034
RKT,equity,388831583.63493204
FISV,equity,388403277.7446549
BDX,equity,386664917.6139226
ULTA,equity,385539430.60145706
RDW,equity,383666572.5585409
HUBS,equity,383502789.8175436
ROP,equity,382275987.0652261
PL,equity,381031465.1494582
VALE,equity,379971044.58312577
NSC,equity,379938937.1354114
EXC,equity,378028578.8390296
NRG,equity,373836289.2131567
ZM,equity,373393286.39154685
RIOT,equity,372124956.9826739
DG,equity,371476985.2146079
ALL,equity,370620364.15948755
CPNG,equity,369829431.5493769
DLTR,equity,367029631.04984367
INSM,equity,366223064.100298
TTMI,equity,366012709.7957565
MSCI,equity,365599336.6449159
PCAR,equity,365520114.12768775
VRSK,equity,363842891.7939459
DXCM,equity,363594699.6546991
KDP,equity,363491036.81292844
TSCO,equity,363219453.3992561
CRS,equity,362757571.0354856
OKE,equity,362059585.9226956
KVUE,equity,360196120.4560365
NCLH,equity,360106077.91510874
D,equity,358555640.7290248
FITB,equity,358517351.7725751
KMI,equity,355311378.31342083
DHI,equity,354812821.59563655
TPR,equity,354727828.5360718
O,equity,354007609.55513436
APD,equity,353717259.9310901
SPG,equity,350625537.2366775
ITW,equity,350221404.1031877
GIS,equity,347513447.5806434
FAST,equity,346978417.94792664
ROK,equity,346807709.55944437
KHC,equity,344939091.20331675
HSY,equity,344880262.6329228
GWW,equity,344578361.16416794
CBOE,equity,344172601.534613
CCJ,equity,342636577.8481244
NUE,equity,342245455.0086069
ARES,equity,340657574.3454098
ALB,equity,339869557.2192993
ETR,equity,339655928.2792661
MP,equity,337207713.23488724
NTRA,equity,336704094.1435823
PAYX,equity,336343395.8572827
IDXX,equity,336035836.3050983
EXE,equity,335655573.02083576
SRE,equity,334884555.25063795
SMR,equity,334873403.0387175
TRGP,equity,334654809.4628872
CTVA,equity,333911424.8001289
DKS,equity,333821090.19626796
NVT,equity,333223074.27587163
STT,equity,332786900.68794554
RSG,equity,332503463.91196144
WAT,equity,331989298.6993285
PINS,equity,331123108.50741976
VTR,equity,330640962.3247563
YUM,equity,329438520.9265605
MLM,equity,324864028.3758574
MDLN,equity,324420782.1649358
TEM,equity,324064144.4961618
CPRT,equity,323236985.68848056
ATI,equity,322778696.9083165
VMC,equity,322615320.41813177
FTAI,equity,322552961.93348145
PSA,equity,320014752.4064128
AMKR,equity,319900326.0214123
U,equity,319526647.22478193
EME,equity,319073044.74254787
DPZ,equity,319005135.99871874
SWKS,equity,318422970.6510758
AA,equity,318242399.53562164
AFRM,equity,318076043.0461914
EL,equity,317363374.44740987
TOST,equity,314091583.99701077
NDAQ,equity,312964405.34781635
MOD,equity,311664811.0643629
LUNR,equity,309608454.47059983
ONTO,equity,309414359.194296
SITM,equity,307225308.1673877
SYY,equity,306978991.0290997
IR,equity,306923696.9430244
FLUT,equity,306159567.16492164
OMC,equity,306129166.9695688
DKNG,equity,305630959.66009414
CHRW,equity,304695908.80805236
GEHC,equity,304448386.087298
PPL,equity,303998648.13339394
ASX,equity,303189112.04446685
USAR,equity,302518617.9267246
CNC,equity,302057519.199297
AIG,equity,301405858.87628716
RF,equity,300866347.2384028
GH,equity,298454373.36124676
MET,equity,297703854.6348038
CCI,equity,297608006.0716881
RMBS,equity,297580614.3777258
AMP,equity,297026399.4034322
QXO,equity,296299547.88375074
POET,equity,294553853.4941955
FOXA,equity,294513223.0772125
STZ,equity,292574966.30990434
ADM,equity,292441806.3801066
ILMN,equity,292070736.14305615
FTI,equity,291812155.4658621
IQV,equity,291599530.2618225
BBY,equity,291227578.98412544
RMD,equity,291192361.6880005
JOBY,equity,290692075.4407457
SUNB,equity,290260532.21381533
HUBB,equity,289757784.88583493
UTHR,equity,289624497.2049435
W,equity,288782097.6358963
AME,equity,288117413.574918
NXT,equity,287870371.41845524
WPM,equity,287086791.2686513
RY,equity,285952217.45918393
CELH,equity,285651448.57049656
A,equity,285346259.5336048
BIDU,equity,285203209.9538086
CFG,equity,283681762.4072976
LUV,equity,283611664.9235435
ENPH,equity,282502856.8610887
EFX,equity,281680655.8888794
CORZ,equity,280831128.60321736
CLSK,equity,280628833.7463966
FUTU,equity,280420416.3816004
CBRE,equity,279328816.30236197
TLN,equity,279183628.16536915
MXL,equity,278211623.160854
PAAS,equity,274733201.45355994
VIAV,equity,274449449.89210975
LPLA,equity,274429250.0601632
OTIS,equity,274163039.83417296
AWK,equity,274033915.62821525
SU,equity,273593951.7845254
FIS,equity,273559042.8990613
ARGX,equity,273442922.0709054
JD,equity,273401660.3954476
GFS,equity,273328024.0743395
NVS,equity,272919031.78464353
BURL,equity,272715428.5278686
WWD,equity,271972987.3986184
STLD,equity,271954364.2773956
AU,equity,271832558.1940488
FPS,equity,271092547.18399185
SYF,equity,270281142.9041128
VG,equity,270030674.11827725
AFL,equity,268928808.0204366
XPO,equity,268608070.63268447
TD,equity,266554413.07539722
STRC,equity,264614971.78262433
VIK,equity,264408583.57283917
VXX,equity,263783619.70931366
AVAV,equity,263614314.079937
DT,equity,263298300.53116977
UL,equity,263284510.0028477
Q,equity,263099801.4965775
AG,equity,262608586.2854813
TKO,equity,262580285.68509156
DRI,equity,262543997.07603052
RBRK,equity,262138554.5631617
FIVE,equity,261850485.06638008
CLX,equity,261747052.8740792
KNX,equity,258808022.7127644
UMC,equity,258724455.018464
KEY,equity,256709459.98848778
THC,equity,256503586.4620984
KTOS,equity,256081164.31080082
RIO,equity,255614105.01731476
AEIS,equity,254962427.4273546
WAB,equity,254664228.79854912
APA,equity,254329096.86721313
GPN,equity,254139555.99556273
CVE,equity,253552464.83197635
BTI,equity,253341163.88648775
SN,equity,251625246.8728691
SCCO,equity,249887493.1899696
FDXF,equity,248775760.04695392
JBHT,equity,246681360.89246094
LEN,equity,245646563.57865736
KGC,equity,245560234.1635635
CDW,equity,245366793.59579408
VICI,equity,245026599.89365625
FFIV,equity,243757813.9660073
P,equity,243571283.69566086
WSM,equity,243473211.30040234
WST,equity,242763263.548995
TYL,equity,242251627.12016237
CSGP,equity,241770351.79335457
QSR,equity,241181254.07818604
MTB,equity,241008341.7667312
INFY,equity,240644449.61785933
LSCC,equity,240242929.84101063
CAVA,equity,239920614.76308054
HDB,equity,239687609.3667202
ED,equity,239460246.48178124
RL,equity,238431108.9650869
OWL,equity,237499831.64803326
WCN,equity,237310685.3410913
PODD,equity,237019531.70223054
USFD,equity,236673722.32778844
IT,equity,236508821.13890803
SNAP,equity,236157263.12465066
CNP,equity,235900632.54792267
ENB,equity,235296880.61953893
XYL,equity,234932479.90933675
CMS,equity,234133796.92895165
CP,equity,232494120.0791798
BHP,equity,231942836.87351075
BR,equity,231686267.29323536
MTD,equity,231613894.06320703
WEC,equity,231323365.7703507
PR,equity,230851755.34600738
WOLF,equity,230364564.9672613
TECH,equity,230254190.00425273
RRX,equity,229908560.47589806
SW,equity,228905924.71021923
EIX,equity,228833267.62443498
ONON,equity,228460575.37349838
ET,equity,228186438.556957
MOH,equity,227252979.2031227
AEHR,equity,227118803.9540534
LII,equity,226783594.70138866
GOOGM,equity,226095457.44107008
CAG,equity,225516209.83224928
FDS,equity,225100044.89329347
SIMO,equity,224454596.18056247
PEG,equity,223461359.76055664
BIIB,equity,223265620.35710767
AGX,equity,223128970.90553743
DOV,equity,222780661.6439347
NTR,equity,222741203.73483765
GNRC,equity,221990041.48446363
VRSN,equity,221839209.9930609
LVS,equity,221759305.59533495
VSH,equity,221639017.00974238
ZBRA,equity,221304140.41944522
APGE,equity,220859112.44197968
DECK,equity,220465591.37624145
MOS,equity,220004898.87859437
FE,equity,218489825.7319818
TROW,equity,218387119.62399027
RIG,equity,218108334.11184976
PHM,equity,218019843.69714233
DY,equity,217974482.54776293
BROS,equity,217944607.78567675
GRMN,equity,216294957.48681206
OVV,equity,215134136.58572266
VICR,equity,215083734.43539405
IP,equity,214896273.06838167
SGI,equity,214301133.27379975
HIG,equity,214262942.8084741
PPG,equity,214122301.46806714
ACHR,equity,213414491.63301778
TDY,equity,213301604.16157848
SOUN,equity,212701996.5814661
OPEN,equity,212635456.68101752
NI,equity,211412309.92957222
VMRK,equity,210654595.25988868
GWRE,equity,210456946.5809332
PRU,equity,209719232.64391944
CW,equity,209144033.92069983
RJF,equity,209028454.13755322
IOT,equity,208783544.61070415
BN,equity,208027810.49783555
TE,equity,207384017.11677486
NVMI,equity,207342843.5725813
GSK,equity,207144811.28673413
CLF,equity,206883918.22089076
APTV,equity,206829322.81414396
BBIO,equity,206648762.72798726
ATO,equity,206616474.3532625
SBAC,equity,206426878.72094837
JAZZ,equity,206101788.54594737
FORM,equity,204758991.67379493
FSLY,equity,204672420.3918514
RACE,equity,204655124.17029664
ZBH,equity,203301504.25499538
ETSY,equity,203268641.93102005
CPAY,equity,202491141.41642445
ACGL,equity,202402652.83746186
SOLS,equity,202213708.58898357
ELF,equity,201718325.68938193
MKC,equity,201305921.88496697
TEVA,equity,201281432.23157507
BNS,equity,201116494.52963927
PTC,equity,200965375.04828346
LYFT,equity,200187132.14046776
TECK,equity,200080074.08127242
FLY,equity,199689354.04149535
GOOGN,equity,199641386.44371343
WCC,equity,199418353.11413598
GPC,equity,198033695.9736056
GDDY,equity,197015726.93355766
HST,equity,196828212.38620254
IRM,equity,196563068.22327998
BG,equity,196302516.72309634
BWXT,equity,195591898.87371144
FNV,equity,195067295.30956835
RGLD,equity,193344633.037168
CHWY,equity,192546993.4990472
DTE,equity,192538821.0707959
SANM,equity,192317241.03586167
NIO,equity,191904376.6068918
WING,equity,191607366.83431715
FROG,equity,191305693.78570434
EQNR,equity,190610321.08646113
DGX,equity,190593910.71854872
TRI,equity,189970234.71375343
ROL,equity,189443290.08098966
BLDR,equity,189115312.35997376
CHD,equity,189074340.1647194
IBN,equity,188970962.61197942
ROIV,equity,188343543.6498011
DOCU,equity,187894886.62387156
DD,equity,187173102.7447683
BTSG,equity,186774033.03417966
DINO,equity,186559004.0667676
BRO,equity,186346671.96922266
SAIA,equity,186267998.17339796
EXPD,equity,185919589.32828146
FWONK,equity,185883659.49245167
BJ,equity,185222986.9289998
HEI,equity,184886724.86364233
BB,equity,184882814.42838928
PLUG,equity,184812517.7259481
PNR,equity,184624355.8242854
SNX,equity,184367660.8563423
ITUB,equity,184173910.27991766
MAS,equity,184120413.9046194
TXRH,equity,183894093.8051925
CCEP,equity,183881083.78705972
TSN,equity,183827956.6841548
NVR,equity,183820533.20227632
AR,equity,183717024.47857764
EAT,equity,183669911.34210742
WTW,equity,183553237.56651855
NBIX,equity,182666002.20662305
AEE,equity,181752159.80270562
ALGN,equity,181547615.43795812
CPB,equity,181202659.49362293
CRL,equity,181117513.9856422
AMCR,equity,180939905.25705808
LH,equity,180732603.6864699
JKHY,equity,180190501.5088569
LDOS,equity,179981956.36652562
VLTO,equity,179722191.86148492
NTRS,equity,179696480.47730908
DUOL,equity,179088197.0882038
SJM,equity,178437069.77584574
ITT,equity,178371051.13631982
EPAM,equity,177777804.8587799
QNT,equity,177303144.81706572
ZETA,equity,177246755.49784425
GAP,equity,176729628.2056711
CART,equity,176708305.87449393
PRIM,equity,176573932.44284728
CNI,equity,176535003.85742274
AER,equity,176115369.92778075
TPL,equity,176010190.96231738
RPRX,equity,175629232.5614543
INCY,equity,175619316.385093
FTV,equity,175142875.42480546
FCEL,equity,174967732.32224724
GRAB,equity,174000749.24319163
MUSA,equity,173932128.46356782
NTNX,equity,173904375.11240265
AGNC,equity,172875643.7193137
SEI,equity,172561303.55385104
SFM,equity,172051882.16737062
CHKP,equity,171834381.70726642
PKG,equity,171666386.3899009
HAS,equity,170158855.78701892
ABVX,equity,169761400.03007436
JHX,equity,169652011.08009222
GTLB,equity,169553666.25938788
MDGL,equity,169463914.75344557
ES,equity,169317110.47246176
EVR,equity,169249144.23295763
STE,equity,168964967.3296521
WSO,equity,168913827.6988142
CNH,equity,168742548.45429233
POOL,equity,168631503.91495067
AXSM,equity,167781477.0389293
KRMN,equity,167736573.5554642
LNT,equity,167593221.06090027
TRU,equity,167517607.86185467
POWL,equity,166904156.6945716
ALLE,equity,166441862.1858191
MEDP,equity,166408836.253728
SEDG,equity,166326866.3405257
PFGC,equity,166249720.2413252
BWA,equity,165872578.9887203
TW,equity,165562516.94955704
COO,equity,164767366.67202842
MGM,equity,164594094.77043816
HII,equity,164576723.59201583
CSL,equity,164576141.8423898
CYTK,equity,164547134.51361912
KEEL,equity,164177258.2444689
INFQ,equity,164138499.48313493
EXR,equity,163753189.77646747
IONS,equity,163529064.93274263
AMRZ,equity,163007749.9895514
DAR,equity,162099653.5057189
AUR,equity,161850572.09876657
EVRG,equity,161846242.9040956
CG,equity,161432927.58635408
AS,equity,160960150.8364536
PBF,equity,160547671.65023217
MBGL,equity,160354370.08039612
TRP,equity,159855262.65597993
VTRS,equity,159616391.00452933
DVA,equity,159282437.69641212
SSNC,equity,159018511.17714486
EQH,equity,158927548.2748407
FLNC,equity,158406687.98214936
PAYC,equity,157813839.60821202
SUI,equity,157745433.1941635
ALK,equity,157376044.76265395
GEN,equity,157168501.97989786
FCNCA,equity,156932760.6758045
TRMB,equity,156931243.9836611
GLXY,equity,156673825.77531675
DAVE,equity,156539497.69149926
NLY,equity,156495562.24840838
ESI,equity,156390874.2282932
BUD,equity,156127304.3525342
UUUU,equity,155850638.91369656
FLS,equity,155736268.65600857
RCAT,equity,155684047.0730781
WYNN,equity,155525887.236658
ASND,equity,155135303.02163842
CACI,equity,154863774.02404493
TOL,equity,154372015.53072393
IEX,equity,153081973.94701156
CZR,equity,152909807.8865523
TTE,equity,151715195.54411831
SWK,equity,151628848.32552162
VSAT,equity,150049389.91871163
AHR,equity,149868292.5423073
CLH,equity,149852620.2635166
AGI,equity,149702724.8422249
OSCR,equity,149445492.3695666
JBLU,equity,149290958.37938702
LEU,equity,148855351.584229
SAN,equity,148505706.38604614
HSBC,equity,148460294.10472178
ARWR,equity,148233160.69880313
BAX,equity,148068033.8052978
INVH,equity,147842556.04495385
NYT,equity,147808494.53886747
CM,equity,147729318.94369993
CRBG,equity,147668554.55479622
OC,equity,147402632.87300608
PCOR,equity,147196335.37298626
EOSE,equity,147084082.8573711
Z,equity,146992751.87103483
UHS,equity,146630400.94576916
PENG,equity,146513579.9627642
RH,equity,146426036.661305
RGEN,equity,146402096.0533445
GME,equity,146241748.79477733
GFI,equity,145803848.42971954
FIGR,equity,145725767.93366075
QS,equity,145527054.92665797
OLLI,equity,145359113.71717337
KMX,equity,145061049.94318664
FND,equity,145013984.62092236
QUBT,equity,144962157.2456564
BALL,equity,144394140.44922227
RVTY,equity,144187035.12680757
WIX,equity,144063212.42366827
EQX,equity,143750011.69730246
BAH,equity,143394253.08190057
H,equity,143123462.77678874
BAM,equity,142486711.64734623
DOC,equity,142400666.41957688
PRAX,equity,142220089.78230745
ELAN,equity,141995317.89587748
VSXY,equity,141848680.1254786
MTCH,equity,141516548.04465884
PFG,equity,141239448.5670733
PEN,equity,141233348.7427654
ALLY,equity,140368949.08943295
ANF,equity,139879833.7377604
IESC,equity,139860860.92041847
XE,equity,139749032.44059998
IVZ,equity,139084109.98638237
UDR,equity,139004145.95794496
BCS,equity,138916990.1926691
HALO,equity,138563612.95377374
SNA,equity,138537903.658199
IFF,equity,138118236.6077577
WRB,equity,137913778.6411616
TCOM,equity,137821703.97184616
CHYM,equity,137548801.91199788
BEN,equity,137449547.6765905
J,equity,137257368.77072483
BAP,equity,136947212.00129047
ESTC,equity,136750108.451955
AES,equity,136640360.37774798
ARMK,equity,136268741.76057336
UPST,equity,136248637.2109834
EPD,equity,136143511.22454387
OUST,equity,135755637.3191729
SNY,equity,135493395.5495736
RBC,equity,134755208.99365234
ACM,equity,134740028.0793301
STLA,equity,134546356.94680592
S,equity,134493194.61671114
SM,equity,134076577.26341018
TXT,equity,133427887.83637613
ALC,equity,132946603.27752407
ICLR,equity,132698820.81129044
CGNX,equity,132027755.37864709
INIO,equity,132025038.88257673
TIGO,equity,130778984.52627485
SHAK,equity,130648043.237229
RBA,equity,130579098.8098205
LFUS,equity,130154284.86257401
M,equity,129912708.23770766
SPXC,equity,129869549.60255869
ESS,equity,129493295.52897039
TWST,equity,129303444.79448724
FLR,equity,129288445.25366768
BMO,equity,129011811.98977177
HBM,equity,128561950.62047195
EXEL,equity,128489744.32275242
CROX,equity,128400176.88242655
SIRI,equity,128334381.96570054
AVY,equity,127744181.19725157
MKL,equity,127642703.2112824
RS,equity,126704924.56694248
JLL,equity,126611642.0302921
COMP,equity,126535196.36668472
CELC,equity,126435618.90571436
WY,equity,126375871.0789204
BTDR,equity,126306968.55522542
CINF,equity,126208387.48956965
RRC,equity,126201325.18942115
MAA,equity,126013388.84532893
EG,equity,125840790.44754755
ERIC,equity,125258710.52889125
TAP,equity,125236065.4585713
MNDY,equity,125009443.41355218
BTG,equity,124944944.21497744
AMPX,equity,124604382.10027634
APG,equity,123579858.42180428
FRVO,equity,123077978.25046481
BBAI,equity,123027279.39011355
WMS,equity,122554116.92409673
UNM,equity,122389307.98419432
PNFP,equity,122285614.95889597
GMED,equity,122163653.0240166
NWSA,equity,121426946.1458733
ARW,equity,121211714.83265226
SONY,equity,120964816.89196017
WFRD,equity,120716922.15466405
VFC,equity,120055832.35077219
WHR,equity,119655777.5871227
GGG,equity,119313866.8560693
FRSH,equity,119011585.19780484
PNW,equity,118979308.7436068
FHN,equity,118776928.70444591
TPG,equity,118662480.59620722
GKOS,equity,117840533.73359317
UEC,equity,117502227.97955994
PLNT,equity,117490326.9801764
UMAC,equity,117435983.57960549
DXYZ,equity,116783306.19628392
BBD,equity,116206039.51860592
CNM,equity,116196132.99721466
BMRN,equity,116193123.61934994
FBIN,equity,116030558.3894884
CHRD,equity,115983156.40257578
CPT,equity,115959274.4789367
MANH,equity,115442666.38780794
ALSN,equity,115308088.62050907
MKTX,equity,115262647.82909623
KIM,equity,115154140.874097
JEF,equity,114861585.28163074
BNTX,equity,114705077.57787068
FRMI,equity,114666403.16950002
BRKR,equity,114638708.5618446
CCK,equity,114580782.66784148
RUN,equity,114415383.08319725
AYI,equity,114228587.28938027
BBWI,equity,113611834.10610735
DTM,equity,113436765.04144093
MT,equity,113159686.24633075
TKR,equity,113030339.97317868
EWBC,equity,113017325.3171285
ALGM,equity,112941104.68786237
BOOT,equity,112758912.62845732
INOD,equity,112704790.74421662
AAON,equity,112506161.8751969
CAKE,equity,112147975.9274189
GLPI,equity,111677510.80162697
LNTH,equity,111510626.57009506
HRL,equity,111173595.25304173
HNGE,equity,110596791.36865889
MYRG,equity,110496959.14444721
SOLV,equity,110380496.51999544
LBRT,equity,110354341.15869446
DEO,equity,110220307.97434731
LGN,equity,109990691.23796454
NDSN,equity,109725471.49447244
CENX,equity,109677562.94856432
IBRX,equity,109601896.79075919
IDCC,equity,109465803.86018057
CE,equity,109419559.91941725
KGS,equity,109135851.00579482
IAG,equity,109023302.94473939
REG,equity,108792814.99921018
PURR,equity,108773809.78280118
RPM,equity,108309984.69745672
LOGI,equity,108204906.63787515
ACI,equity,108116387.2702112
KRYS,equity,108021110.45508975
QRVO,equity,107905954.1941928
FRO,equity,107774000.7754031
CTRE,equity,107613567.92769875
VSEC,equity,107255091.71298634
XPEV,equity,107147506.78386442
LYG,equity,106947745.55668443
SPHR,equity,106593066.34174722
LTH,equity,106495852.97895177
DBX,equity,106466939.86114138
NTES,equity,106409297.10353936
HLI,equity,106108706.60184863
PTCT,equity,105934710.42614734
VMI,equity,105523424.73851758
PSKY,equity,105471951.18508285
MTN,equity,105332706.6222893
HSIC,equity,104440036.15048629
ORA,equity,104364411.64764209
BSP,equity,104107130.88241848
UCTT,equity,103948015.22972937
EHC,equity,103849948.91221745
LUMN,equity,102868746.10839325
ARCC,equity,102832550.72823182
GSAT,equity,102754527.71072581
MTDR,equity,102573010.76271142
RNR,equity,102368179.3643457
OSK,equity,102319683.16469665
LCID,equity,102050889.15446845
TXG,equity,101925141.0026012
AMG,equity,101895372.12993076
MHK,equity,101863396.8998912
SARO,equity,101686028.16575493
WH,equity,101635548.92413269
LQDA,equity,101453702.08802293
UBS,equity,101427998.17778473
ALM,equity,101331157.25379369
AVT,equity,101124403.12883541
TENB,equity,100827350.24856573
LECO,equity,100730357.94895111
FRT,equity,100720369.9414414
TGTX,equity,100657313.27153523
ARE,equity,100629177.10263766
ENSG,equity,100549710.1923971
WLK,equity,100540322.01230948
PTEN,equity,100538566.25326058
ZION,equity,100508141.29154663
FNB,equity,100379693.83080497
EGO,equity,100225544.3692338
ACMR,equity,100078350.89863537
SMCIP,equity,99858408.49587548
SCI,equity,99819371.05998605
GVA,equity,99797116.27320655
TME,equity,99602625.4577042
BIO,equity,99534106.10112451
AOS,equity,99372334.78851001
ESLT,equity,99293094.54747364
TTAN,equity,99214181.66985047
MAIR,equity,99205109.83740467
COKE,equity,99033531.98801313
BXP,equity,98978770.55484985
WEN,equity,98872308.76994132
SYNA,equity,98830825.2735755
SF,equity,98808829.41332063
AAP,equity,98794795.3755247
SSRM,equity,98746624.20482777
KVYO,equity,98690920.29029144
QGEN,equity,98427254.64166993
WEX,equity,98388927.49803948
ORKA,equity,98275858.86090627
GFL,equity,97986138.10737659
AIZ,equity,97625958.67447144
CRUS,equity,97355356.54440503
IBP,equity,97270958.08210303
HXL,equity,97012483.26325159
WPC,equity,97009596.80949256
WTS,equity,96979379.32719824
AMBA,equity,96948155.79678528
CR,equity,96734013.86249878
DOCS,equity,96646640.01617634
SYRE,equity,96380831.127453
KNSL,equity,96280438.54122876
TTEK,equity,96261227.33530365
VOYA,equity,96239091.19788209
BILL,equity,96041028.32479362
JMKE,equity,95973657.34996521
OHI,equity,95946080.1419768
FER,equity,95820010.18751417
CHE,equity,95749789.27272058
MPLX,equity,95361475.09355775
LW,equity,94853377.12857516
XP,equity,94834524.1614501
ENS,equity,94707411.6410896
DNN,equity,94453924.38271731
TS,equity,94121612.0885944
AVTR,equity,94073093.66760293
TMDX,equity,94058892.51966228
QLYS,equity,94005727.73308887
LAD,equity,93955167.06859383
BIRK,equity,93849546.41168661
URBN,equity,93776926.34769653
EMBJ,equity,93776759.86776453
GL,equity,93666697.6121311
KLAR,equity,93612237.54804878
ELS,equity,93602252.90847355
MGY,equity,93354591.19526614
IRDM,equity,93347398.81649904
CVLT,equity,93317773.41284278
ADC,equity,93285625.86269568
LMND,equity,92943281.82312484
FRPT,equity,92913904.67897137
TVTX,equity,92859050.60469909
RELX,equity,92840052.34422302
CRML,equity,92732502.44848536
CRSP,equity,92607026.0620763
NGG,equity,92089356.28101459
ALHC,equity,91430099.86188477
SITE,equity,91355880.95899987
INHD,equity,91202507.60601236
LASR,equity,91046323.47021869
LAMR,equity,90970736.00942993
VLY,equity,90861684.34274852
ONC,equity,90845810.91828907
AGCO,equity,90787905.72251977
BSY,equity,90735687.59934098
EMN,equity,90618003.92519863
YPF,equity,90350528.24416785
BULL,equity,90286188.73917882
R,equity,90139106.6707688
SQM,equity,90016676.06963001
NEU,equity,89713617.9824955
MIRM,equity,89651769.13490991
RAL,equity,89551845.89712621
PVH,equity,89508156.19781482
ONB,equity,89478787.79875904
PCTY,equity,89384829.02134778
ERAS,equity,89344060.02280438
DB,equity,89191390.53709984
EXP,equity,88939608.81088524
WAL,equity,88924817.04491098
MLI,equity,88436608.974047
CHDN,equity,88227836.89023264
REXR,equity,88126140.94365656
FCFS,equity,88023574.29866931
MGA,equity,88017543.65485866
HRB,equity,87853349.76665361
VNOM,equity,87798053.36096326
DNTH,equity,87784512.43897259
MIDD,equity,87752343.36028698
ALKS,equity,87747397.30246723
KEX,equity,87711526.73740968
AIT,equity,87675496.64223145
VIST,equity,87627076.20952389
BTE,equity,87538397.12843177
HTHT,equity,87355267.98858078
BTU,equity,87321805.05238433
ING,equity,87294824.44391076
G,equity,87213548.40741217
LSTR,equity,87186014.60008495
KLIC,equity,87124530.77089746
PRMB,equity,87049526.34445912
TNGX,equity,86848392.89535522
AEO,equity,86755843.70427056
HLN,equity,86686188.56993441
VAL,equity,86654251.72928497
TFX,equity,86236386.14669397
MSGS,equity,85840114.43861026
ALV,equity,85823166.18063034
SYM,equity,85810940.06004627
CACC,equity,85673320.37257227
MFC,equity,85504014.67297363
CUBE,equity,85305141.61127868
CORT,equity,85259954.58321635
RYAAY,equity,85031592.07003911
ABEV,equity,84860346.22351995
COLB,equity,84743289.71419789
L,equity,84649067.7800686
SLAB,equity,84644569.89627087
UAMY,equity,84590435.98325756
RELY,equity,84540666.46347319
UMBF,equity,84493030.30247521
AMH,equity,84442251.63861442
SNEX,equity,84109376.01679015
ESE,equity,84009523.67985424
ST,equity,83994362.97007513
BCE,equity,83951252.26978756
GLNG,equity,83659563.49054609
FNF,equity,83645196.12388147
JBS,equity,82641049.4332236
RNG,equity,82619123.32836364
YOU,equity,82533697.77041338
FOX,equity,82415655.60097997
CFR,equity,82268118.48693073
INDV,equity,82164465.61917956
PEGA,equity,82069217.39195454
TREX,equity,81932596.77170956
NOV,equity,81888691.9568981
MORN,equity,81727492.68295386
SSB,equity,81707465.09888367
ROAD,equity,81677649.48146264
CRGY,equity,81668764.04562372
LEA,equity,81628029.84482974
RYAN,equity,81570446.81626508
ECG,equity,81474537.26426685
HQY,equity,81451109.23863068
LPX,equity,81449206.67065369
SKM,equity,81243467.47169746
COGT,equity,81175826.30559546
SPCE,equity,81107335.82618824
COCO,equity,80975582.13914612
TM,equity,80808680.28125928
TEX,equity,80754659.56041154
BYD,equity,80635401.57070524
ACLS,equity,80594379.18555298
PTGX,equity,80565860.92075427
UI,equity,80128348.32345824
CMC,equity,80096193.11119613
TXNM,equity,80003803.042292
LKQ,equity,79879687.55906367
POST,equity,79859915.71353821
AN,equity,79601162.96032739
PLXS,equity,79472032.82862402
SEZL,equity,79246130.94215222
FOUR,equity,79081811.95736694
INGR,equity,78809963.98682031
WTFC,equity,78587181.95539154
DFTX,equity,78228593.61473005
WTRG,equity,78111199.10537308
BPOP,equity,78041520.82649097
ASO,equity,77863395.24514532
EGP,equity,77810524.45448877
ITGR,equity,77809657.88137206
XENE,equity,77796158.55101494
CAMT,equity,77640944.61115132
GIL,equity,77615463.68785273
ULS,equity,77443861.41160813
TDC,equity,77276652.16915645
LAZ,equity,77239247.72712284
AWI,equity,76769397.31412354
MSM,equity,76714163.2213977
HLNE,equity,76610121.05825794
KSS,equity,76540075.45723175
ACHC,equity,76473447.55768539
LGND,equity,76447570.77271526
RHI,equity,76368074.71819279
DPC,equity,76275158.16116333
VSNT,equity,76202363.66116938
RXT,equity,75841259.52947052
VKTX,equity,75796455.25840178
PARR,equity,75676860.3354148
DUKU,equity,75666357.36704972
RGA,equity,75435952.26616608
EXK,equity,75350670.28893515
RYTM,equity,75166074.54197437
YUMC,equity,75164455.04901199
SLS,equity,75158519.68102665
IOVA,equity,75075944.44573267
NPO,equity,74930990.72741845
SMMT,equity,74765030.92422034
PCVX,equity,74617594.42865959
HMY,equity,74433553.00819485
MUR,equity,74421285.96384054
SIG,equity,74382932.74313572
IDA,equity,74332107.17140682
PB,equity,74305094.77856894
RHP,equity,74177518.31776385
NXST,equity,74139565.17448498
STNG,equity,74101369.72812144
EXLS,equity,74031393.38164532
CGON,equity,73944983.25355946
ITRI,equity,73905680.94543336
GDS,equity,73770480.50409454
NAVN,equity,73633281.87106125
BRX,equity,73552975.37079914
LNC,equity,73514281.12011395
VVV,equity,73463831.34213771
HRI,equity,73411989.96088688
JBTM,equity,73401987.11901587
TTC,equity,73298972.06365943
HR,equity,73138509.24720976
HIVE,equity,73095592.22474521
NVST,equity,73070526.85641362
IMO,equity,72971631.57670763
LRN,equity,72841422.9307521
WU,equity,72807745.676086
DOX,equity,72666265.08435223
DDS,equity,72573488.37938291
HYMC,equity,72521447.84632662
WRBY,equity,72475147.76629435
GGB,equity,72279411.73526117
ACA,equity,72275664.27295655
TU,equity,72243626.48746589
GTX,equity,72143365.37058488
BFAM,equity,71743195.55066846
BOX,equity,71631173.09847787
MAC,equity,71530392.172995
VRNS,equity,71518565.33647992
NNN,equity,71500595.07411633
OLED,equity,71249572.97333756
SHAZ,equity,71239717.97612114
VIRT,equity,71035024.27194566
ASST,equity,70948939.15447722
BEKE,equity,70921459.4001583
FCN,equity,70920489.93868801
OGE,equity,70858227.99495818
SEIC,equity,70756483.47208253
AUGO,equity,70734787.1617268
CALM,equity,70637165.73847418
ICHR,equity,70636458.81644173
MTRN,equity,70497456.7515788
CNK,equity,70181720.37776598
CX,equity,70042817.64022309
CVCO,equity,69960634.98321679
HCC,equity,69686276.03369091
CNR,equity,69493372.18859264
AXTA,equity,69433682.73733693
PSN,equity,69234794.06099822
DK,equity,69234341.39677124
MIR,equity,68922499.9897632
NE,equity,68899038.34823318
VECO,equity,68890751.88435464
KYMR,equity,68886988.22581276
AMC,equity,68878649.51149316
JXN,equity,68753155.10204037
GXO,equity,68651366.98855436
SRRK,equity,68518704.05906181
NTLA,equity,68376546.73464173
UNF,equity,68311134.42746505
YMM,equity,68175595.735961
NKTR,equity,68079887.72966003
CNX,equity,67855849.67972332
VOYG,equity,67834200.08447847
MEOH,equity,67744912.57434599
HTZ,equity,67704995.00558206
DX,equity,67646537.36093612
SLM,equity,67464665.09210542
POWI,equity,67407543.52309515
HOG,equity,67187097.03823295
BRZE,equity,66913122.46530006
BELFB,equity,66854974.17661576
VGNT,equity,66785166.410439916
NWG,equity,66690278.83620959
MIAX,equity,66686999.1862446
BMI,equity,66577211.1594231
OSIS,equity,66569790.04615396
NOG,equity,66439011.71117897
HUN,equity,66399429.09692113
NOVT,equity,66321000.525138915
OGN,equity,66216559.88611415
NXE,equity,66164786.84936274
IRTC,equity,66051800.21658567
OMF,equity,65984572.36173663
ADT,equity,65965367.789448716
BKH,equity,65854878.47069271
BZ,equity,65748403.25355999
GLOB,equity,65615468.46311987
ESAB,equity,65608479.63474425
RITM,equity,65600850.0788246
APPF,equity,65519135.30090332
GPK,equity,65483185.722962335
OLN,equity,65426314.119993754
CHH,equity,65383292.21442353
FLG,equity,65280493.11064603
MC,equity,65267924.66689367
YETI,equity,65041869.761080064
PII,equity,65039234.2513643
CAI,equity,64844578.43144883
MRCY,equity,64703719.02019046
AROC,equity,64455165.89216511
FIVN,equity,64325996.53206416
PJT,equity,64206138.38724409
AXS,equity,64052836.04298207
UGI,equity,63993991.160047136
WMG,equity,63917362.25865962
MUFG,equity,63908345.30365363
MANE,equity,63870229.9488222
QURE,equity,63655316.02666252
MAT,equity,63529852.27044898
LWLG,equity,63448040.53491312
CBSH,equity,63424330.78518643
PAA,equity,62971049.23485884
RSI,equity,62885730.664022654
SOC,equity,62877246.241307095
KBH,equity,62749836.449277245
BLLN,equity,62717851.57287671
PENN,equity,62634368.280453905
FR,equity,62612998.46059042
GPOR,equity,62476976.07689921
CWST,equity,62342442.812302
AFG,equity,62333220.30508326
MTH,equity,62119701.46352586
PI,equity,62105485.267124966
NICE,equity,61836913.92706735
PTON,equity,61780320.205525964
CECO,equity,61688139.378125265
POR,equity,61614742.63091908
SON,equity,61612620.18046064
MMSI,equity,61493890.714242965
PAG,equity,61464491.14637344
VERA,equity,61460705.280511096
HWC,equity,61389277.53681679
NFG,equity,61261419.955980755
FAF,equity,60966144.13739589
SIDU,equity,60941327.90546315
ERIE,equity,60935003.45131308
THG,equity,60898824.59256539
ATR,equity,60858602.815779425
BEAM,equity,60713161.92590477
OPCH,equity,60655191.87650154
XMTR,equity,60518525.07622462
DHT,equity,60463088.479376085
DCI,equity,60392131.97958858
TDW,equity,60296886.41008813
DIOD,equity,60289343.94048854
SMG,equity,60183483.936165765
EPRT,equity,60069569.492240176
COHU,equity,59965337.468404494
CSTM,equity,59943441.35879352
HESM,equity,59888394.806504264
SBSW,equity,59871395.00014025
SEB,equity,59783989.439716645
ENVA,equity,59773658.56686135
SRPT,equity,59756439.093382
MRAM,equity,59745123.13882835
PUMP,equity,59675440.538707405
LEVI,equity,59529488.19694304
CCC,equity,59487102.99761702
GT,equity,59370901.069207914
VNO,equity,59364795.70169933
VOD,equity,59358307.59738065
KRG,equity,59236618.28649769
LEGN,equity,59224495.35664501
BKD,equity,59154568.14351221
NTSK,equity,59080949.29050506
HAE,equity,59036391.539980814
KTB,equity,58862059.083966635
KBR,equity,58844283.58119359
ORI,equity,58831976.74776931
WGS,equity,58785178.79146679
SAIC,equity,58777561.06958844
BFH,equity,58367075.47907869
STWD,equity,58145698.08043616
COLD,equity,58125775.42522178
PK,equity,58002546.73514225
BW,equity,58000282.61619324
WAY,equity,57979366.16192143
FSS,equity,57758905.79218698
GPI,equity,57687516.104766846
WSC,equity,57545657.78042975
BC,equity,57538724.82328433
VC,equity,57526224.227191985
CPRI,equity,57494985.093202196
XNDU,equity,57468938.67715132
SAIL,equity,57462216.555495486
BEPC,equity,57449468.66893811
FSM,equity,57433866.954704635
BKSY,equity,57341014.24880261
AVEX,equity,57224101.57318087
ASB,equity,57160079.89012888
BRBR,equity,56886537.091767825
OZK,equity,56882777.64026727
IOND,equity,56875059.56142153
STNE,equity,56713725.01652904
LI,equity,56688199.62797673
STEP,equity,56683054.050913915
GMAB,equity,56615359.20816527
RYN,equity,56579243.05496991
RARE,equity,56560033.100726835
ELVN,equity,56480345.16274558
RXRX,equity,56466634.265906364
FMX,equity,56371896.23740544
VNET,equity,56320959.83707542
BANC,equity,56083975.56979322
TNL,equity,55975594.688466996
XRAY,equity,55975172.60021396
AESI,equity,55885646.620402955
NESR,equity,55715305.54283766
ARR,equity,55606473.22298171
KRC,equity,55567270.41205579
SWMR,equity,55502267.924329296
BDC,equity,55489113.14389383
AIR,equity,55469015.851070225
SATL,equity,55337062.28558781
CC,equity,55327892.96191712
LOAR,equity,55112483.07276517
SSD,equity,55101571.29131257
THO,equity,55078748.96084225
ASTC,equity,54926457.53963466
GNTX,equity,54787642.67374163
EBC,equity,54740337.565774694
PBA,equity,54629359.03847583
SKY,equity,54483207.24060767
MBLY,equity,54461981.09029953
WT,equity,54308008.28130527
LIVN,equity,54297537.443831734
PRI,equity,54295066.35632954
ATMU,equity,54246984.209361605
STUB,equity,54065089.9489902
WYFI,equity,53926087.11171181
SLF,equity,53897049.04166812
STAG,equity,53879771.88090724
BILI,equity,53567141.32259675
NCNO,equity,53462583.914951235
AM,equity,53373095.376150824
YSS,equity,53068419.13094157
MMYT,equity,52992915.6617811
SBET,equity,52991187.03651623
GTES,equity,52964769.83432523
NNE,equity,52962774.38539647
WK,equity,52898155.7697496
MWH,equity,52857321.71819077
CRC,equity,52654479.10862732
VCYT,equity,52595214.056244016
MATX,equity,52509038.14046587
RLAY,equity,52497407.64689409
TAK,equity,52494075.02518397
PGY,equity,52445435.44433185
IPGP,equity,52402615.77772292
BCO,equity,52371252.732580096
FLO,equity,52366877.492578626
AMR,equity,52278535.236968994
ABG,equity,52212448.118823215
AI,equity,52195109.704844095
SBRA,equity,52140793.627244554
MRX,equity,52116493.590603784
BAND,equity,52072638.943834096
ASH,equity,52027055.90069834
SXI,equity,51945114.88773406
SLG,equity,51900027.460098386
UAA,equity,51697789.9501677
GGAL,equity,51208012.02752625
TPC,equity,51176842.76363336
KD,equity,51163837.17387101
SHC,equity,50991661.238308616
RDNT,equity,50537559.30054401
BATL,equity,49256336.58757912
SPY,etf,41354700380.7739
QQQ,etf,30658582214.97359
IWM,etf,7967453076.808359
IVV,etf,5585955055.0994005
SMH,etf,5450988044.057148
VOO,etf,5449154549.114881
SOXX,etf,4417211396.147062
GLD,etf,3750799165.40785
EWY,etf,3447740828.5028353
DRAM,etf,2604081955.142146
DIA,etf,2385981295.627668
USO,etf,2286832309.3538647
XLE,etf,2248281794.928673
GDX,etf,2066288580.9616883
RSP,etf,2038594641.6068394
SGOV,etf,2024604246.6910002
XLF,etf,1974103991.8052356
XLK,etf,1968197779.2746665
IBIT,etf,1839705768.3916166
EEM,etf,1834999495.8553736
IGV,etf,1703970037.928548
XLV,etf,1622442688.999463
SLV,etf,1548183807.6690288
XLI,etf,1525391760.9339073
BITO,etf,1525116170.9377587
EFA,etf,1504719363.121129
VTI,etf,1321543130.9337971
XBI,etf,1266239439.026324
UCBG,etf,1249876815.704956
SPYM,etf,1145408180.6975338
QQQM,etf,1043977134.7046933
XLP,etf,1033801427.281958
KRE,etf,1025337059.9464985
IEMG,etf,1010768208.6707724
IEFA,etf,1000671966.7292991
BIL,etf,963696743.5580316
XLU,etf,952128591.8146347
XLY,etf,936655629.6051781
EWZ,etf,934492504.5086374
FXI,etf,918386815.3524151
VEA,etf,856498513.1316079
VCIT,etf,845699892.676302
IWF,etf,746044060.5466079
EMB,etf,713573513.2538214
SCHD,etf,709741006.442279
XLC,etf,681288807.6358169
XOP,etf,677445761.3442141
VTV,etf,669139592.4040244
KWEB,etf,659219987.2795888
IJH,etf,646485442.7702756
VUG,etf,631815321.6798362
IAU,etf,623480978.2701831
GDXJ,etf,622123937.7702935
XLB,etf,618008046.3318268
IYR,etf,593904607.1495497
BND,etf,588062646.4978572
IJR,etf,583551956.0080007
IWD,etf,569699921.3454517
ARKK,etf,568494453.5482911
EWJ,etf,561701623.5809624
EWT,etf,560372903.036356
ACWI,etf,540750474.1984144
MDY,etf,530358544.9453428
VXUS,etf,510598237.2195508
VT,etf,509484200.53534734
ETHA,etf,503333527.9729257
VWO,etf,497332644.2912741
VGT,etf,492037205.4457452
USHY,etf,482994181.3071202
ITOT,etf,446118813.21390015
GLDM,etf,427811199.3137814
XRT,etf,425310489.8153238
MUB,etf,411133596.50243044
SCHX,etf,404786967.22908765
MTUM,etf,399438672.62575907
JEPQ,etf,386768173.9434904
SCHG,etf,378270025.70431095
VCLT,etf,373062298.1919927
JNK,etf,372951231.0094869
VTEB,etf,369544881.4264893
SPYG,etf,367222126.4585434
VCSH,etf,365592593.15083486
IWB,etf,365474395.44951546
SH,etf,353163740.4309822
IVW,etf,343181817.5830538
INDA,etf,336883000.4658231
QUAL,etf,333252798.6890747
VNQ,etf,312151163.058011
QQQI,etf,309586580.7261054
EFV,etf,309585855.1081461
COPX,etf,302276052.1919839
SHV,etf,302240605.99265504
BOXX,etf,290797457.5056352
SPMO,etf,287676246.6041127
JEPI,etf,286653791.97898746
RWM,etf,285698649.24978065
IBB,etf,279192429.15876305
OEF,etf,275466083.884781
VTWO,etf,275351588.41765565
EMXC,etf,274813600.53742665
JAAA,etf,272473235.7161621
VGK,etf,263123540.33005726
SPIB,etf,260637738.7077102
MAGS,etf,260355745.69679525
USFR,etf,258926446.82510465
VIG,etf,257457726.9543698
FBTC,etf,255600778.50854662
XLRE,etf,255271465.48612055
GOVT,etf,253564977.9503665
PSQ,etf,252465324.19696137
XME,etf,249695316.32787463
SCHB,etf,247461450.20360342
XHB,etf,241569799.2564397
IWR,etf,241247086.26371306
VGSH,etf,236796421.2626435
SCHF,etf,235842610.7244785
VEU,etf,234320963.73993513
IYW,etf,234315397.59906152
BNDX,etf,221266796.3488879
VO,etf,220704966.4020519
BKLN,etf,217054331.05801114
MBB,etf,215634696.39200726
USMV,etf,214885069.0543966
DYNF,etf,213307583.74215052
IVE,etf,213256100.5823413
VGIT,etf,212619558.3431998
VLUE,etf,212211453.79923236
ITB,etf,211876322.70128122
IUSB,etf,211470587.77943835
BNO,etf,211342816.3627257
VONG,etf,208449663.66752928
ITA,etf,207793235.85701293
PSLV,etf,203431688.92962745
VYM,etf,202357441.5096814
BSV,etf,202280859.67558214
IXUS,etf,195425487.7896158
VBIL,etf,194750459.43099988
SOXQ,etf,192189074.43765375
IEI,etf,186844469.68331105
SPLV,etf,186426779.0076179
SPDW,etf,181797678.33371496
IQMM,etf,180415165.36132795
EFG,etf,179081394.10925636
CGDV,etf,176674117.4690988
VB,etf,172839036.80156788
IGSB,etf,172294170.5764715
URA,etf,171726980.55045602
AVEM,etf,171704285.2913995
MCHI,etf,170059848.71452257
SPYI,etf,166756867.90673125
ACWX,etf,162477861.64870447
SPYV,etf,162200114.44633108
BAI,etf,160829576.35645342
URTH,etf,160583016.7031226
SPTL,etf,160560120.34181067
IWO,etf,159877512.16782537
SCHH,etf,159316231.92322493
MINT,etf,159195102.23956352
ASHR,etf,156298525.0261407
OIH,etf,151359964.11650732
KBWB,etf,148880887.5705686
SIL,etf,147023682.37996143
AVUV,etf,146477066.2119967
IGIB,etf,146424895.73327693
IWN,etf,143015187.3215194
PDBC,etf,142053530.21000218
MGK,etf,141061902.6267294
PHYS,etf,140213243.40443414
NASA,etf,139619400.90012914
SILJ,etf,139540655.22796595
IHI,etf,137794592.22403952
IDEV,etf,136376559.11244616
AVLV,etf,135695659.14662993
SPHQ,etf,134852013.3061889
IAUM,etf,133074096.63294092
BIV,etf,131824022.9352945
BBJP,etf,131567696.63773407
CIBR,etf,131162473.76173389
TLH,etf,130396359.48389038
SGOL,etf,129820082.64211534
VDE,etf,129473829.42601316
FBND,etf,129107492.30704667
SPMD,etf,128869584.15230209
SPHY,etf,128703810.88952707
SCHV,etf,127993101.66016382
GRID,etf,127361521.43034033
SCZ,etf,127187498.29286957
CGGR,etf,126998228.69882832
DGRO,etf,126448930.28598459
KBE,etf,125601469.44410376
XLG,etf,124927648.01757807
VTIP,etf,124302901.7371771
AIQ,etf,122883276.22902219
BINC,etf,122517394.95232174
IWP,etf,121911034.7088595
GBTC,etf,121661453.68714224
SPEM,etf,121354448.72163153
IUSG,etf,121011875.62069726
FNDX,etf,120872073.0112271
SPSB,etf,120196372.64602277
ICLN,etf,119202742.46170413
VGLT,etf,118686585.58395188
USIG,etf,118352385.4000909
IWY,etf,118264118.42372204
VOOG,etf,117086477.5312464
EWC,etf,116343986.52460882
ARKG,etf,115444156.41289705
SHLD,etf,113159495.14381592
SCHP,etf,112245661.55229644
SIVR,etf,111968608.30425583
STIP,etf,111826000.8829692
FEZ,etf,111360070.52692719
QYLD,etf,111007210.3081514
FDN,etf,110086010.69771338
VV,etf,108655879.155135
EWW,etf,108504397.72909231
HDV,etf,108473373.47777233
SRLN,etf,107248419.9567026
SPSM,etf,106119546.52202123
JETS,etf,105386179.60195076
VONV,etf,104278450.00083257
SCHE,etf,102644734.31145002
UNG,etf,100581870.78589948
ILF,etf,98947088.187765
VXF,etf,98831756.78761719
DFAC,etf,98645976.06445676
TBIL,etf,98632662.68365784
PYLD,etf,98429248.3412046
PAAA,etf,97407354.93722254
IWV,etf,96883545.74579346
SCHO,etf,96568383.92688781
CWB,etf,96389166.79743725
PAVE,etf,96025223.579259
VYMI,etf,95952242.46929029
AVDE,etf,95500798.27978952
PFF,etf,93487860.88025096
VIXY,etf,93288577.65269817
FTEC,etf,93263375.01788476
SVXY,etf,92185405.24920654
EZU,etf,91370070.93793584
MOAT,etf,91046920.409372
RDVY,etf,90151127.42575751
FLOT,etf,89962387.89856568
JCPB,etf,88476127.30198413
IGLB,etf,87991482.03586194
AIRR,etf,87034946.1971958
IUSV,etf,86194878.3059788
AVDV,etf,85286220.27994654
ICVT,etf,84477467.6545271
IGM,etf,84212514.50230311
EWH,etf,83163698.39937182
IAGG,etf,82226395.17923504
REMX,etf,82156369.95395
IEUR,etf,82034746.95497586
AAAU,etf,81859978.11301328
AAXJ,etf,80797342.2912201
SPLB,etf,80743339.4466973
EWA,etf,80365821.11407174
PVAL,etf,80330883.19533066
VFH,etf,79602608.26368774
CORO,etf,79368946.01375134
TFLO,etf,79111974.90084103
SPAB,etf,78855444.65765244
IYE,etf,78797229.33159819
FNDF,etf,78389150.04323426
QTUM,etf,77638966.46115966
SCHA,etf,77463639.26870316
EDV,etf,76414002.08480042
DOG,etf,76368701.84564705
VBK,etf,76011268.28996761
VPL,etf,75763041.29216948
KIE,etf,75460756.32075718
IWS,etf,74585561.5995349
EWU,etf,74581474.74492346
AMLP,etf,74573646.7653906
TAN,etf,74470898.24865665
EMLC,etf,74459816.22240627
IQLT,etf,74181337.7407631
ESGU,etf,73610981.33485413
GBIL,etf,73066235.80036102
SJNK,etf,72845226.05384815
GPIQ,etf,71587821.07014944
COWZ,etf,71454665.01904297
DGRW,etf,70399446.77470718
QTEC,etf,70397927.70105368
REET,etf,69896047.17240416
FENY,etf,69538031.50569764
SCHR,etf,69353620.65714416
DFIV,etf,69283629.67081751
SPTI,etf,68876860.16921699
DFUS,etf,68507485.4814815
XOVR,etf,67868622.83393762
BTC,etf,67610913.88303748
VBR,etf,67346902.21409874
NOBL,etf,67333212.23539625
BITB,etf,66887603.4838898
EWG,etf,66104223.35337067
VMBS,etf,65462484.3431151
DVY,etf,65396130.09273033
DFAI,etf,65133301.636308216
VHT,etf,65103727.63415527
LYTE,etf,63426795.81383978
AIA,etf,63007054.75296142
IYT,etf,62673170.81576726
ETH,etf,62589493.92420032
IALT,etf,62104741.146016195
JPIE,etf,61592868.4200853
DFAR,etf,60528362.84298912
XAR,etf,60440574.90777176
SPTM,etf,60376944.4370776
VOT,etf,60274707.82397219
IYZ,etf,59889852.166710176
THRO,etf,59777800.12953419
CQQQ,etf,59565489.32035864
XMMO,etf,59394212.0455719
SHYG,etf,59004107.15820046
CGBL,etf,58820427.33213464
SCHI,etf,58810841.27912938
VOE,etf,57552678.98321582
VFLO,etf,57195110.775192924
FTXL,etf,57051886.11080872
SPYD,etf,56949059.83023795
DFCF,etf,56362864.93439871
IGF,etf,56244547.3823066
BLCR,etf,56017470.34401591
ARKB,etf,55771273.67536618
FENI,etf,55608928.46102866
NLR,etf,55511682.7204232
FTCS,etf,55369296.30888663
IJS,etf,55287253.763811745
IXC,etf,55219647.48252942
PSI,etf,55048441.81751869
JGRO,etf,54247460.58443517
DFIC,etf,54235582.59790729
XSD,etf,54093312.310862705
DXJ,etf,54085735.9226469
JMUB,etf,53022874.1266738
IXN,etf,52840939.462621056
SPTS,etf,52831527.896129064
ESGE,etf,52354847.39944649
HYLB,etf,51544982.5761663
VOX,etf,50802828.927360415
SDVY,etf,50767769.04870752
BLV,etf,50558589.85271006
IDEF,etf,50548919.968940854
SPHB,etf,50164316.428805396
DBMF,etf,50135308.42587229
EUFN,etf,49801529.296014875
IYH,etf,49730519.14014181
CGUS,etf,49631994.68049821
SUB,etf,49590121.71192835
JBND,etf,49338497.17456751
UFO,etf,48870372.39308191
FDVV,etf,48701913.27228861
CGGO,etf,48251012.99815617
PPLT,etf,48248815.26232586
GPIX,etf,48214644.39773693
FETH,etf,48059982.50172468
BOND,etf,47937046.89231055
CHAT,etf,47847974.63373608
SCHZ,etf,47400136.63257835
RING,etf,47319586.98795803
FLTW,etf,47045922.14901406
VPU,etf,47007802.02026561
ARTY,etf,46901434.37761773
FTSM,etf,46600042.476605736
BUFR,etf,46597274.01832741
EFAV,etf,46195524.9531543
GRNY,etf,45729525.18705035
DFAE,etf,45128096.83411274
FDL,etf,44968980.99138326
IYF,etf,44868435.500118315
BIZD,etf,44749442.306613
SKYY,etf,43866472.1601904
FLJP,etf,43795708.99572487
PICK,etf,43619414.17945099
IYM,etf,42535741.448529564
HYD,etf,42399903.68467165
JQUA,etf,42176317.64075264
HGER,etf,42103274.82599125
GSLC,etf,41987717.21974594
IDV,etf,41949790.23344222
GGOV,etf,41887248.157346725
IJK,etf,41780785.24990082
CHPY,etf,41756554.52571633
IVLU,etf,41443137.150431894
MGV,etf,41220196.15214684
BCI,etf,40946148.71759864
DBA,etf,40941518.66851074
ETHE,etf,40823553.9603324
ZROZ,etf,40712487.6849559
BUG,etf,40652896.390259
DUHP,etf,40594891.26094818
BWET,etf,40251151.838404216
FINA,etf,40232451.84153194
FNDE,etf,40186712.64088267
FLKR,etf,40171103.68024166
VSS,etf,39953989.144184776
NVDY,etf,39934250.76651894
VCRB,etf,39686254.74867291
IEF,bond_etf,
SHY,bond_etf,
TLT,bond_etf,
LQD,bond_etf,
HYG,bond_etf,
AGG,bond_etf,
TIP,bond_etf,
